"","0","1","2","3","4","5","6","7","8","9","10","11","12","13","14","15","16","17","18","19","20","21","22","23","24","25","26","27","28","29","30","31","32","33","34","35","36","37","38","39","40","41","42","43","44","45","46","47","48","49","50","51","52","53","54","55","56","57","58","59","60"
"1918",5898.58,5584.85,5289.93,5010.62,4746.08,4495.55,4258.27,4033.53,3820.63,3618.95,3427.9,3246.94,3075.54,2913.19,2759.43,2613.8,2475.87,2345.23,2221.5,2096.56,1986.35,1881.93,1783,1689.27,1600.47,1516.34,1436.63,1361.11,1289.56,1221.77,1157.54,1096.69,1039.04,984.422,932.673,883.644,837.193,793.183,751.487,711.983,674.556,639.096,605.5,573.67,543.513,514.942,487.873,462.226,437.928,414.907,393.096,372.432,352.854,334.305,316.731,300.082,284.307,269.361,255.202,241.786,4357.72
"1919",5900.4,5588.5,5291.26,5011.85,4747.22,4496.59,4259.22,4034.41,3821.47,3619.76,3428.68,3247.67,3076.22,2913.83,2760.02,2614.34,2476.37,2345.69,2221.92,2104.7,1986.33,1881.91,1782.98,1689.26,1600.46,1516.32,1436.61,1361.09,1289.54,1221.76,1157.53,1096.68,1039.03,984.412,932.663,883.635,837.184,793.175,751.48,711.976,674.549,639.089,605.494,573.664,543.508,514.937,487.868,462.222,437.924,414.903,393.092,372.428,352.85,334.302,316.728,300.079,284.304,269.359,255.199,241.784,4357.68
"1920",5902.29,5590.23,5294.73,5013.11,4748.38,4497.66,4260.21,4035.32,3822.32,3620.57,3429.47,3248.43,3076.93,2914.5,2760.64,2614.92,2476.9,2346.18,2222.37,2105.11,1994.05,1881.91,1782.98,1689.25,1600.45,1516.32,1436.61,1361.09,1289.54,1221.75,1157.53,1096.68,1039.03,984.408,932.66,883.632,837.181,793.172,751.477,711.973,674.546,639.087,605.492,573.662,543.506,514.935,487.866,462.22,437.922,414.901,393.091,372.427,352.849,334.301,316.727,300.077,284.303,269.358,255.198,241.783,4357.66
"1921",5904.19,5592.02,5296.37,5016.39,4749.58,4498.77,4261.23,4036.26,3823.18,3621.38,3430.24,3249.18,3077.65,2915.18,2761.28,2615.51,2477.45,2346.69,2222.84,2105.54,1994.45,1889.23,1782.97,1689.24,1600.45,1516.31,1436.6,1361.08,1289.54,1221.75,1157.52,1096.67,1039.02,984.405,932.657,883.629,837.179,793.17,751.475,711.971,674.544,639.085,605.49,573.66,543.504,514.933,487.864,462.218,437.921,414.9,393.09,372.426,352.848,334.3,316.726,300.077,284.302,269.357,255.197,241.782,4357.65
"1922",5906.1,5593.82,5298.06,5017.95,4752.69,4499.91,4262.28,4037.22,3824.07,3622.2,3431,3249.91,3078.36,2915.86,2761.92,2616.12,2478.01,2347.21,2223.32,2105.98,1994.85,1889.6,1789.91,1689.24,1600.44,1516.31,1436.6,1361.08,1289.53,1221.74,1157.52,1096.67,1039.02,984.402,932.654,883.627,837.176,793.168,751.472,711.969,674.542,639.083,605.488,573.659,543.503,514.932,487.863,462.217,437.919,414.899,393.088,372.425,352.847,334.299,316.725,300.076,284.301,269.356,255.197,241.782,4357.63
"1923",5908.01,5595.63,5299.76,5019.55,4754.16,4502.85,4263.36,4038.22,3824.99,3623.04,3431.78,3250.63,3079.06,2916.53,2762.57,2616.73,2478.59,2347.74,2223.82,2106.44,1995.27,1889.98,1790.26,1695.81,1600.44,1516.31,1436.6,1361.08,1289.53,1221.74,1157.52,1096.67,1039.02,984.4,932.653,883.625,837.175,793.166,751.471,711.968,674.541,639.082,605.487,573.658,543.502,514.931,487.862,462.216,437.919,414.898,393.088,372.424,352.846,334.298,316.725,300.075,284.301,269.356,255.196,241.781,4357.63
"1924",5909.89,5597.44,5301.48,5021.17,4755.68,4504.25,4266.14,4039.24,3825.93,3623.91,3432.58,3251.37,3079.75,2917.19,2763.21,2617.34,2479.17,2348.29,2224.32,2106.91,1995.71,1890.38,1790.63,1696.15,1606.66,1516.3,1436.59,1361.07,1289.53,1221.74,1157.51,1096.67,1039.02,984.398,932.65,883.623,837.173,793.164,751.469,711.966,674.54,639.081,605.485,573.656,543.5,514.93,487.861,462.215,437.918,414.897,393.087,372.423,352.846,334.297,316.724,300.074,284.3,269.355,255.196,241.781,4357.62
"1925",5911.73,5599.22,5303.19,5022.79,4757.21,4505.69,4267.46,4041.88,3826.89,3624.8,3433.4,3252.12,3080.44,2917.84,2763.83,2617.94,2479.74,2348.83,2224.83,2107.38,1996.15,1890.79,1791,1696.49,1606.98,1522.2,1436.59,1361.07,1289.52,1221.73,1157.51,1096.66,1039.01,984.394,932.646,883.619,837.169,793.161,751.466,711.963,674.537,639.078,605.483,573.654,543.498,514.927,487.859,462.213,437.915,414.895,393.085,372.421,352.844,334.296,316.722,300.073,284.299,269.354,255.194,241.779,4357.6
"1926",5913.52,5600.97,5304.88,5024.41,4758.75,4507.14,4268.83,4043.12,3829.39,3625.7,3434.23,3252.89,3081.14,2918.49,2764.43,2618.52,2480.31,2349.37,2225.34,2107.86,1996.59,1891.2,1791.38,1696.84,1607.3,1522.49,1442.17,1361.06,1289.51,1221.73,1157.5,1096.65,1039.01,984.388,932.641,883.614,837.164,793.156,751.462,711.959,674.533,639.074,605.479,573.65,543.495,514.924,487.856,462.21,437.913,414.893,393.083,372.419,352.842,334.294,316.721,300.071,284.297,269.352,255.193,241.778,4357.57
"1927",5915.21,5602.66,5306.53,5026.01,4760.29,4508.59,4270.2,4044.41,3830.56,3628.06,3435.08,3253.67,3081.86,2919.14,2765.04,2619.09,2480.85,2349.9,2225.85,2108.34,1997.04,1891.62,1791.77,1697.2,1607.63,1522.79,1442.44,1366.35,1289.5,1221.71,1157.49,1096.64,1039,984.378,932.632,883.605,837.156,793.149,751.454,711.952,674.526,639.068,605.473,573.645,543.49,514.92,487.851,462.206,437.909,414.889,393.079,372.416,352.839,334.291,316.718,300.068,284.295,269.35,255.191,241.776,4357.53
"1928",5916.77,5604.26,5308.14,5027.58,4761.8,4510.04,4271.58,4045.7,3831.78,3629.17,3437.3,3254.46,3082.59,2919.81,2765.65,2619.65,2481.37,2350.4,2226.34,2108.81,1997.48,1892.03,1792.16,1697.56,1607.96,1523.1,1442.72,1366.6,1294.5,1221.7,1157.48,1096.63,1038.98,984.366,932.62,883.595,837.146,793.139,751.445,711.943,674.518,639.06,605.466,573.638,543.483,514.913,487.845,462.2,437.904,414.884,393.074,372.411,352.834,334.287,316.714,300.065,284.291,269.347,255.188,241.773,4357.48
"1929",5918.19,5605.74,5309.65,5029.1,4763.29,4511.48,4272.95,4047.01,3833.01,3630.32,3438.35,3256.58,3083.35,2920.51,2766.29,2620.24,2481.91,2350.91,2226.82,2109.28,1997.93,1892.46,1792.55,1697.93,1608.3,1523.41,1443.01,1366.87,1294.75,1226.44,1157.46,1096.62,1038.97,984.356,932.61,883.585,837.137,793.13,751.437,711.936,674.511,639.053,605.46,573.632,543.477,514.908,487.84,462.195,437.899,414.879,393.07,372.407,352.831,334.283,316.71,300.062,284.288,269.344,255.185,241.77,4357.43
"1930",5919.45,5607.08,5311.06,5030.53,4764.73,4512.89,4274.31,4048.32,3834.25,3631.49,3439.45,3257.58,3085.35,2921.23,2766.96,2620.85,2482.47,2351.42,2227.3,2109.74,1998.38,1892.89,1792.96,1698.31,1608.66,1523.74,1443.32,1367.15,1295,1226.67,1161.96,1096.61,1038.96,984.347,932.602,883.577,837.129,793.123,751.431,711.929,674.505,639.048,605.454,573.627,543.472,514.903,487.836,462.191,437.895,414.876,393.067,372.404,352.827,334.28,316.708,300.059,284.286,269.341,255.183,241.768,4357.39
"1931",5920.57,5608.28,5312.33,5031.86,4766.09,4514.25,4275.65,4049.61,3835.49,3632.67,3440.56,3258.62,3086.3,2923.13,2767.64,2621.48,2483.05,2351.95,2227.79,2110.2,1998.82,1893.31,1793.37,1698.69,1609.02,1524.08,1443.63,1367.43,1295.27,1226.92,1162.18,1100.87,1038.95,984.337,932.593,883.569,837.121,793.116,751.423,711.923,674.499,639.042,605.449,573.621,543.467,514.898,487.831,462.187,437.891,414.872,393.063,372.4,352.824,334.277,316.705,300.056,284.283,269.339,255.18,241.766,4357.35
"1932",5921.62,5609.34,5313.46,5033.07,4767.35,4515.54,4276.94,4050.87,3836.71,3633.84,3441.68,3259.67,3087.29,2924.04,2769.45,2622.13,2483.65,2352.5,2228.3,2110.66,1999.25,1893.73,1793.77,1699.08,1609.38,1524.42,1443.95,1367.73,1295.54,1227.17,1162.41,1101.08,1042.99,984.329,932.586,883.562,837.115,793.11,751.418,711.917,674.493,639.037,605.444,573.617,543.463,514.894,487.828,462.183,437.887,414.869,393.06,372.398,352.821,334.274,316.702,300.054,284.281,269.337,255.178,241.764,4357.32
"1933",5922.79,5610.33,5314.46,5034.14,4768.49,4516.74,4278.16,4052.1,3837.91,3635,3442.8,3260.74,3088.3,2924.98,2770.31,2623.84,2484.27,2353.07,2228.82,2111.14,1999.7,1894.14,1794.17,1699.47,1609.75,1524.77,1444.28,1368.04,1295.82,1227.43,1162.65,1101.3,1043.19,988.155,932.579,883.556,837.109,793.104,751.413,711.913,674.489,639.032,605.44,573.613,543.46,514.891,487.824,462.18,437.885,414.866,393.057,372.395,352.819,334.272,316.7,300.052,284.279,269.335,255.177,241.762,4357.29
"1934",5924.43,5611.45,5315.41,5035.09,4769.51,4517.82,4279.29,4053.26,3839.07,3636.14,3443.89,3261.79,3089.29,2925.92,2771.19,2624.65,2485.89,2353.65,2229.35,2111.63,2000.15,1894.56,1794.55,1699.84,1610.11,1525.12,1444.6,1368.34,1296.11,1227.69,1162.89,1101.52,1043.39,988.342,936.201,883.547,837.101,793.097,751.405,711.906,674.482,639.026,605.434,573.608,543.454,514.886,487.82,462.176,437.88,414.862,393.054,372.392,352.816,334.269,316.697,300.049,284.276,269.332,255.174,241.76,4357.25
"1935",5927.06,5612.99,5316.46,5035.98,4770.4,4518.78,4280.31,4054.31,3840.14,3637.2,3444.92,3262.77,3090.24,2926.82,2772.04,2625.45,2486.61,2355.15,2229.87,2112.11,2000.58,1894.96,1794.92,1700.18,1610.44,1525.44,1444.91,1368.63,1296.38,1227.95,1163.13,1101.74,1043.59,988.523,936.365,886.966,837.082,793.078,751.388,711.889,674.467,639.012,605.42,573.595,543.442,514.874,487.809,462.165,437.87,414.853,393.045,372.383,352.808,334.261,316.69,300.042,284.27,269.326,255.168,241.755,4357.15
"1936",5931.46,5615.49,5317.92,5036.97,4771.24,4519.61,4281.18,4055.2,3841.04,3638.08,3445.78,3263.6,3091.03,2927.57,2772.75,2626.12,2487.25,2355.73,2231.18,2112.5,2000.94,1895.28,1795.22,1700.45,1610.69,1525.68,1445.15,1368.86,1296.6,1228.15,1163.32,1101.91,1043.75,988.667,936.495,887.083,840.283,793.025,751.337,711.841,674.421,638.968,605.379,573.556,543.405,514.84,487.776,462.134,437.841,414.825,393.018,372.358,352.784,334.239,316.669,300.022,284.25,269.308,255.151,241.738,4356.85
"1937",5938.78,5619.66,5320.29,5038.36,4772.18,4520.42,4282.01,4056.1,3842,3639.07,3446.78,3264.59,3091.98,2928.48,2773.63,2626.95,2488.02,2356.45,2231.85,2113.86,2001.42,1895.72,1795.62,1700.82,1611.03,1526,1445.45,1369.16,1296.88,1228.42,1163.57,1102.14,1043.97,988.867,936.679,887.251,840.437,796.098,751.324,711.829,674.41,638.958,605.369,573.546,543.396,514.831,487.767,462.127,437.834,414.818,393.011,372.352,352.778,334.233,316.663,300.017,284.246,269.303,255.147,241.734,4356.78
"1938",5950.08,5626.59,5324.24,5040.61,4773.5,4521.31,4282.77,4056.88,3842.83,3639.96,3447.7,3265.51,3092.9,2929.37,2774.47,2627.75,2488.79,2357.17,2232.53,2114.47,2002.69,1896.16,1796.02,1701.19,1611.37,1526.31,1445.74,1369.44,1297.15,1228.68,1163.81,1102.38,1044.18,989.066,936.862,887.419,840.59,796.238,754.231,711.812,674.394,638.943,605.355,573.533,543.383,514.819,487.756,462.116,437.823,414.808,393.002,372.343,352.77,334.225,316.656,300.01,284.239,269.297,255.141,241.729,4356.68
"1939",5966.34,5637.3,5330.8,5044.35,4775.62,4522.55,4283.6,4057.57,3843.52,3640.69,3448.47,3266.3,3093.69,2930.15,2775.23,2628.48,2489.49,2357.84,2233.15,2115.06,2003.22,1897.32,1796.4,1701.53,1611.68,1526.59,1446,1369.68,1297.39,1228.91,1164.03,1102.58,1044.38,989.245,937.028,887.571,840.729,796.364,754.346,714.549,674.362,638.912,605.326,573.505,543.357,514.794,487.733,462.094,437.802,414.788,392.984,372.325,352.753,334.209,316.641,299.996,284.226,269.284,255.129,241.717,4356.47
"1940",6075.73,5652.71,5340.94,5050.56,4779.16,4524.55,4284.75,4058.3,3844.09,3641.24,3449.04,3266.91,3094.32,2930.79,2775.86,2629.1,2490.08,2358.41,2233.69,2115.57,2003.7,1897.75,1797.43,1701.82,1611.95,1526.83,1446.22,1369.87,1297.57,1229.08,1164.21,1102.75,1044.54,989.393,937.165,887.696,840.843,796.467,754.438,714.632,676.93,638.859,605.275,573.458,543.312,514.752,487.692,462.055,437.766,414.754,392.951,372.294,352.724,334.182,316.614,299.971,284.202,269.262,255.107,241.697,4356.11
"1941",6103.63,5756.34,5355.52,5060.14,4785.02,4527.86,4286.56,4059.24,3844.57,3641.51,3449.24,3267.12,3094.55,2931.05,2776.15,2629.4,2490.39,2358.71,2233.99,2115.86,2003.98,1898.01,1797.65,1702.62,1612.06,1526.93,1446.3,1369.94,1297.62,1229.13,1164.26,1102.8,1044.59,989.444,937.211,887.737,840.878,796.496,754.46,714.648,676.941,641.228,605.164,573.352,543.213,514.657,487.603,461.971,437.686,414.678,392.879,372.226,352.659,334.121,316.557,299.916,284.15,269.213,255.061,241.653,4355.31
"1942",6136.11,5782.77,5453.7,5073.94,4794.09,4533.4,4289.66,4060.89,3845.34,3641.8,3449.32,3267.11,3094.56,2931.09,2776.22,2629.51,2490.52,2358.86,2234.15,2116.02,2004.14,1898.16,1797.79,1702.74,1612.72,1526.94,1446.31,1369.94,1297.61,1229.11,1164.24,1102.79,1044.58,989.44,937.206,887.731,840.869,796.484,754.445,714.629,676.918,641.202,607.375,573.215,543.082,514.534,487.486,461.86,437.581,414.578,392.785,372.137,352.575,334.041,316.481,299.844,284.082,269.148,255,241.595,4354.27
"1943",6171.64,5813.55,5478.71,5166.93,4807.14,4541.94,4294.8,4063.62,3846.6,3642.15,3449.16,3266.72,3094.09,2930.64,2775.83,2629.18,2490.25,2358.63,2233.96,2115.86,2004,1898.04,1797.68,1702.63,1612.61,1527.36,1446.12,1369.75,1297.43,1228.93,1164.06,1102.62,1044.42,989.295,937.073,887.604,840.747,796.365,754.329,714.515,676.807,641.092,607.266,575.229,542.877,514.34,487.302,461.686,437.416,414.422,392.637,371.997,352.442,333.915,316.361,299.731,283.975,269.047,254.904,241.504,4352.63
"1944",6203.25,5847.21,5507.01,5189.81,4894.35,4552.83,4299.72,4062.55,3840.18,3631.77,3436.23,3252.53,3079.61,2916.51,2762.41,2616.6,2478.53,2347.73,2223.81,2106.39,1995.14,1889.74,1789.87,1695.27,1605.67,1520.79,1440.42,1363.82,1291.81,1223.61,1159.02,1097.84,1039.9,985.019,933.03,883.78,837.126,792.935,751.078,711.433,673.884,638.32,604.637,572.735,542.52,512.008,485.093,459.593,435.433,412.543,390.857,370.311,350.844,332.401,314.928,298.373,282.688,267.827,253.748,240.409,4332.9
"1945",6233.41,5877.16,5538.29,5216.03,4915.38,4634.35,4307.73,4062.92,3832.7,3617.42,3416.95,3230.3,3056.15,2893.09,2739.82,2595.24,2458.53,2329.09,2206.44,2090.19,1980,1875.55,1776.55,1682.73,1593.84,1509.64,1429.88,1354.33,1282.33,1214.64,1150.53,1089.8,1032.29,977.809,926.208,877.327,831.019,787.152,745.601,706.244,668.967,633.66,600.219,568.547,538.549,510.138,481.447,456.139,432.161,409.444,387.92,367.528,348.208,329.904,312.562,296.131,280.564,265.815,251.842,238.603,4300.35
"1946",6255.14,5905.74,5564.49,5243.57,4937.97,4650.49,4376.73,4055.56,3810.53,3581.6,3370.66,3177.57,3000.59,2837.47,2685.93,2544.08,2410.49,2284.19,2164.53,2051.05,1943.4,1841.23,1744.3,1652.37,1565.23,1482.65,1404.4,1330.25,1260.02,1193.07,1130.12,1070.49,1014,960.5,909.822,861.817,816.34,773.256,732.443,693.782,657.163,622.478,589.626,558.51,529.04,501.127,474.69,447.994,424.444,402.133,380.994,360.966,341.991,324.014,306.981,290.844,275.555,261.07,247.346,234.343,4223.58
"1947",6308.32,5926.32,5593.44,5270.2,4966.01,4675.16,4399.07,4133.71,3823.16,3585.74,3365.5,3164.19,2981.25,2814.54,2661.46,2519.55,2386.8,2261.8,2143.59,2031.54,1925.23,1824.33,1728.52,1637.59,1551.35,1469.58,1392.08,1318.64,1249.04,1183.12,1120.26,1061.17,1005.18,952.151,901.917,854.334,809.26,766.558,726.104,687.78,651.478,617.093,584.523,553.675,524.457,496.783,470.573,445.748,420.68,398.566,377.615,357.765,338.959,321.14,304.259,288.265,273.112,258.755,245.153,232.266,4186.13
"1948",6403.19,5976.71,5613.8,5298.45,4992.13,4703.22,4425.67,4160.88,3905.96,3609.08,3382.38,3172.97,2982.28,2809.5,2652.36,2508.22,2374.65,2249.71,2132.05,2020.74,1915.23,1815.08,1720,1629.71,1544.01,1462.72,1385.65,1312.59,1243.35,1177.74,1115.58,1056.32,1000.6,947.818,897.815,850.449,805.583,763.083,722.819,684.673,648.537,614.307,581.884,551.173,522.085,494.534,468.439,443.725,420.316,396.678,375.826,356.07,337.353,319.619,302.818,286.9,271.818,257.529,243.992,231.166,4166.31
"1949",6551.87,6066.59,5661.31,5317.53,5018.66,4727.59,4451.43,4184.54,3929.38,3684.37,3401.17,3185.51,2987.2,2807.25,2644.57,2496.79,2361.31,2235.77,2118.33,2007.7,1903.02,1803.74,1709.48,1619.98,1534.98,1454.29,1377.75,1305.17,1236.37,1171.16,1109.37,1050.83,995.014,942.532,892.813,845.715,801.1,758.839,718.806,680.879,644.947,610.908,578.665,548.123,519.194,491.794,465.842,441.261,417.981,395.931,373.664,354.022,335.412,317.781,301.076,285.249,270.255,256.048,242.588,229.836,4142.35
"1950",6769.63,6207.45,5746.06,5362.17,5036.33,4752.04,4473.03,4206.18,3947.64,3701.25,3466.23,3197.13,2992.97,2806.08,2636.98,2484.35,2345.8,2218.79,2101.07,1990.92,1887.1,1788.83,1695.58,1607.04,1522.95,1443.08,1367.25,1295.32,1227.1,1162.43,1101.14,1043.05,988.011,935.541,886.199,839.456,795.175,753.228,713.494,675.854,640.194,606.411,574.406,544.089,515.373,488.173,462.41,438.009,414.897,393.007,372.275,351.338,332.87,315.372,298.794,283.088,268.207,254.108,240.75,228.094,4110.96
"1951",7049.76,6413.77,5878.56,5441.56,5077.68,4767.21,4492.8,4220.34,3958.65,3706.49,3468.57,3244.1,2990.01,2798.2,2623.38,2465.58,2323.29,2194.14,2075.72,1965.91,1863.1,1766.13,1674.28,1587.1,1504.3,1425.65,1350.93,1279.98,1212.67,1148.83,1088.3,1030.93,976.551,925.032,875.913,829.721,785.961,744.505,705.233,668.033,632.792,599.406,567.776,537.811,509.426,482.539,457.073,432.951,410.105,388.465,367.97,348.559,328.956,311.664,295.281,279.76,265.054,251.121,237.92,225.413,4062.64
"1952",7346.42,6679.17,6073.51,5566.63,5152.43,4805.62,4505.59,4236.1,3967.63,3711.32,3467.24,3239.76,3027.47,2789.33,2610.29,2447.54,2300.79,2168.5,2048.39,1938.2,1835.97,1740.16,1649.73,1564.04,1482.69,1405.41,1331.98,1262.21,1195.96,1133.09,1073.46,1016.92,963.32,912.521,864.387,818.494,775.335,734.446,695.71,659.014,624.253,591.324,560.127,530.57,502.569,476.045,450.92,427.122,404.582,383.232,363.011,343.859,325.72,307.402,291.243,275.933,261.429,247.686,234.666,222.331,4007.08
"1953",7523.73,6960.24,6323.22,5749.75,5269.28,4873.77,4536.37,4237.94,3967.12,3700.31,3449.82,3215.63,3000.76,2802.6,2581.99,2416.74,2266.77,2131.58,2009.66,1898.89,1797.18,1702.68,1614.03,1530.32,1450.96,1375.6,1303.98,1235.91,1171.22,1109.78,1051.47,996.161,943.71,893.985,846.853,802.192,759.607,719.559,681.615,645.669,611.615,579.356,548.796,519.844,492.413,466.427,441.811,418.494,396.408,375.488,355.674,336.907,319.132,302.297,285.297,270.3,256.091,242.63,229.876,217.792,3925.28
"1954",7471.59,7128.22,6590.58,5987.32,5443.84,4986.31,4604.94,4274.67,3980.44,3714.52,3456.12,3216.69,2995.42,2794.12,2609.48,2404.44,2251.08,2111.92,1986.44,1873.21,1770.28,1675.69,1587.73,1505.19,1427.21,1353.28,1283.04,1216.29,1152.84,1092.53,1035.24,980.861,929.275,880.357,833.978,790.016,748.357,708.634,671.276,635.881,602.348,570.58,540.487,511.978,484.969,459.379,435.137,412.172,390.419,369.815,350.299,331.814,314.306,297.724,282.018,266.158,252.168,238.912,226.354,214.455,3865.15
"1955",7117.83,7078.82,6747.86,6238.8,5667.02,5148.66,4705.33,4328.46,3998.91,3706.79,3446.64,3198.93,2973.1,2766.92,2580.81,2410.8,2222.13,2081.16,1953.19,1837.71,1733.42,1638.49,1551.15,1469.9,1393.62,1321.53,1253.15,1188.18,1126.42,1067.69,1011.87,958.832,908.489,860.724,815.426,772.477,731.764,693.182,656.392,621.791,589.008,557.949,528.524,500.65,474.244,449.225,425.522,403.067,381.795,361.646,342.56,324.483,307.36,291.143,275.783,261.235,246.543,233.584,221.305,209.672,3778.96
"1956",6522.66,6743.66,6702.28,6388.83,5906.26,5361.71,4862.62,4430.2,4060.05,3737.52,3454.61,3205.87,2972.13,2761,2569.4,2396.99,2239.7,2065.02,1934.55,1816.04,1709.02,1612.28,1524.15,1443.04,1367.56,1296.67,1229.66,1166.09,1105.67,1048.23,993.604,941.672,892.33,845.49,801.047,758.896,718.93,681.043,645.139,610.901,578.7,548.19,519.285,491.9,465.958,441.382,418.098,396.038,375.139,355.341,336.588,318.825,302,286.064,270.97,256.675,243.134,229.461,217.399,205.972,3712.27
"1957",5895.52,6179.78,6382.34,6343.03,6045.41,5583.3,5053.97,4560.65,4129.86,3762.93,3448.01,3176.93,2942.85,2726.2,2532.33,2357.26,2200.04,2056.64,1897.08,1777.93,1669.57,1571.58,1482.88,1402.03,1327.58,1258.27,1193.15,1131.58,1073.14,1017.59,964.753,914.51,866.735,821.338,778.238,737.341,698.551,661.769,626.9,593.854,562.341,532.702,504.619,478.013,452.806,428.927,406.304,384.871,364.564,345.326,327.102,309.84,293.488,278.001,263.331,249.437,236.277,223.813,211.227,200.123,3606.87
"1958",5373.62,5585.6,5849.5,6041.11,6003.06,5716.51,5266.37,4746.43,4260.53,3838.71,3483.63,3183.31,2928.43,2710.86,2511.1,2333.09,2172.62,2028.55,1897.06,1750.48,1641.02,1541.34,1451.1,1369.38,1294.85,1226.21,1162.28,1102.19,1045.36,991.416,940.127,891.342,844.941,800.816,758.883,719.07,681.29,645.454,611.473,579.257,548.725,519.609,492.224,466.276,441.692,418.401,396.337,375.434,355.63,336.866,319.09,302.25,286.3,271.191,256.88,243.325,230.486,218.326,206.809,195.179,3517.76
"1959",5036.9,5091.14,5288.09,5537.84,5718.62,5678.76,5397,4954.94,4447.06,3975.92,3570.9,3233.53,2951.09,2713.37,2511.63,2327.01,2162.7,2014.6,1881.58,1760.1,1624.48,1523.16,1430.81,1347.18,1271.42,1202.31,1138.64,1079.33,1023.57,970.826,920.752,873.139,827.845,784.762,743.788,704.849,667.876,632.79,599.508,567.949,538.028,509.671,482.628,457.193,433.093,410.259,388.626,368.132,348.717,330.322,312.894,296.383,280.742,265.926,251.893,238.6,226.01,214.085,202.79,192.093,3448.73
"1960",4953.94,4772.12,4821.44,5007.91,5244.08,5413.12,5369.16,5092.48,4663.89,4176.08,3726.69,3342.78,3024.75,2759.7,2537.31,2348.93,2176.64,2023.34,1885.12,1760.93,1647.46,1520.68,1425.93,1339.56,1261.32,1190.44,1125.77,1066.18,1010.67,958.478,909.104,862.225,817.647,775.239,734.899,696.533,660.071,625.449,592.594,561.428,531.874,503.855,477.299,451.975,428.156,405.586,384.203,363.944,344.752,326.57,309.344,293.022,277.56,262.912,249.038,235.895,223.447,211.656,200.489,189.911,3409.6
"1961",5154.52,4693.52,4517.62,4564.23,4740.18,4960.05,5108.85,5048.28,4766.19,4346.02,3877.9,3452.34,3092.47,2796.64,2551.41,2346.31,2172.82,2014.17,1872.93,1745.51,1630.94,1526.13,1408.87,1321.24,1241.32,1168.91,1103.3,1043.42,988.233,936.811,888.461,842.714,799.275,757.964,718.661,681.273,645.712,611.915,579.823,549.367,520.477,493.08,467.106,442.489,419.012,396.93,376.008,356.184,337.403,319.611,302.755,286.785,271.654,257.319,243.74,230.877,218.693,207.152,196.222,185.868,3337.03
"1962",5417.55,4883.55,4441.73,4275.16,4318.52,4480.3,4673.75,4788.32,4700.9,4410.85,4002.2,3559.05,3162.36,2830.4,2559.41,2335.68,2148.92,1991.03,1846.53,1717.78,1601.49,1496.77,1400.84,1293.41,1213.12,1139.87,1073.48,1013.3,958.366,907.724,860.528,816.143,774.142,734.255,696.318,660.222,625.882,593.219,562.174,532.695,504.717,478.177,453.009,429.147,406.531,384.963,364.677,345.454,327.242,309.987,293.641,278.155,263.483,249.581,236.411,223.935,212.118,200.924,190.321,180.278,3236.66
"1963",5093.86,5132.76,4619.71,4201.62,4043.11,4078.34,4213.6,4363.91,4431.77,4314.6,4021.46,3632.23,3221.61,2859.38,2558.91,2314.85,2113.83,1946.13,1804.3,1674.31,1558.32,1453.35,1358.66,1271.86,1174.53,1101.79,1035.39,975.179,920.585,870.741,824.776,781.93,741.628,703.484,667.255,632.793,600.001,568.801,539.123,510.915,484.127,458.703,434.585,411.713,390.028,369.475,349.873,331.437,313.967,297.415,281.733,266.877,252.803,239.468,226.834,214.864,203.525,192.785,182.611,172.975,3105.51
"1964",4328.08,4826.09,4852.67,4367.42,3970.89,3813.67,3825.05,3912.95,4003.97,4019.81,3877.86,3591.77,3232.51,2862.75,2540.43,2274.74,2059.57,1882.48,1734.66,1609.49,1494.54,1391.69,1298.4,1214.16,1136.87,1050.09,985.217,925.975,872.229,823.478,778.953,737.881,699.586,663.556,629.451,597.052,566.229,536.897,508.987,482.437,457.199,433.232,410.483,388.903,368.437,349.033,330.641,313.101,296.602,280.969,266.157,252.124,238.829,226.234,214.301,202.995,192.283,182.136,172.524,163.42,2933.94
"1965",3804.19,4100.57,4561.69,4586.59,4126.48,3743.75,3572.9,3544.44,3577.75,3614.68,3592.33,3441.45,3174.91,2852.56,2525.78,2242.79,2010.16,1821.89,1666.86,1537.31,1427.45,1326.22,1235.43,1152.99,1078.47,1010.05,933.126,875.617,823.071,775.38,732.106,692.571,656.092,622.072,590.058,559.748,530.951,503.552,477.475,452.661,429.054,406.613,385.3,365.071,345.88,327.68,310.423,294.067,278.467,263.795,249.891,236.718,224.237,212.413,201.211,190.598,180.542,171.016,161.991,153.442,2754.78
"1966",3542.92,3604.21,3872.89,4308.12,4329.59,3884.09,3494.32,3286.4,3202.64,3178.37,3168.02,3119.37,2972.56,2736.2,2457.78,2178.02,1936.46,1738,1577.27,1444.73,1333.76,1239.35,1152.05,1073.65,1002.37,937.874,878.593,811.847,761.943,716.32,674.893,637.288,602.92,571.201,541.611,513.76,487.387,462.326,438.479,415.78,394.178,373.626,354.088,335.531,317.918,301.207,285.359,270.332,256.089,242.505,229.727,217.62,206.148,195.279,184.983,175.227,165.985,157.228,148.931,141.072,2532.67
"1967",3322.57,3356.67,3385.14,3636.83,4040.2,4027.94,3529.76,3048.61,2728.31,2536.01,2423.65,2354.13,2283.98,2162.96,1989.59,1791.24,1593.02,1421.79,1280.71,1166.02,1071,990.74,921.927,858.026,800.447,747.934,700.301,656.416,606.839,569.761,535.818,504.965,476.932,451.293,427.613,405.511,384.697,364.979,346.235,328.394,311.408,295.24,279.854,265.226,251.332,238.142,225.628,213.759,202.504,191.836,181.661,172.091,163.021,154.428,146.287,138.574,131.266,124.343,117.783,111.568,2002.97
"1968",3462.94,3147.91,3154.12,3180.32,3412.51,3762.37,3668.65,3093.14,2548.84,2181.23,1956.4,1824.54,1747.59,1685.54,1595.18,1470.51,1328.38,1185.68,1061.87,959.427,875.801,805.97,746.586,695.527,647.94,604.942,565.63,529.897,496.915,459.556,431.609,405.999,382.7,361.516,342.129,324.215,307.486,291.725,276.79,262.589,249.069,236.194,223.937,212.272,201.181,190.645,180.642,171.151,162.149,153.613,145.521,137.804,130.544,123.665,117.147,110.971,105.12,99.5767,94.3246,89.3484,1604.07
"1969",4718.57,3280.9,2963.25,2968.69,2990.42,3189.76,3456.21,3269.74,2657.18,2114.21,1759.41,1548.12,1428.05,1361.52,1312.5,1244.25,1150.04,1041.85,932.429,837.064,757.858,692.841,638.275,591.778,551.721,514.294,480.415,449.388,421.147,395.049,365.436,343.281,322.964,304.471,287.648,272.247,258.011,244.712,232.181,220.303,209.007,198.251,188.007,178.254,168.972,160.145,151.759,143.798,136.244,129.079,122.284,115.843,109.7,103.921,98.4448,93.256,88.3398,83.6822,79.2695,75.0886,1348.07
"1970",7373.05,4470.53,3103.58,2803.01,2807.49,2823.98,2999.59,3226.46,3025.33,2437.8,1926.59,1595.86,1400.5,1290.43,1230.16,1186.36,1125.38,1040.89,943.58,844.97,758.927,687.364,628.556,579.179,537.085,500.805,466.891,436.18,408.044,382.429,358.751,331.875,311.766,293.324,276.535,261.262,247.278,234.351,222.275,210.895,200.107,189.848,180.079,170.775,161.916,153.485,145.467,137.851,130.619,123.758,117.249,111.077,105.227,99.6464,94.3973,89.4231,84.7098,80.2442,76.0134,72.0052,1292.74
"1971",3682.95,6985.46,4228.5,2935.46,2650.5,2650.68,2654.37,2797.59,2980.85,2769.95,2216.04,1742.72,1439.5,1261.78,1162.46,1108.65,1069.9,1015.66,940.051,852.69,763.982,686.45,621.892,568.817,524.234,486.211,453.429,422.769,394.996,369.545,346.368,324.939,300.608,282.404,265.706,250.504,236.673,224.009,212.301,201.363,191.055,181.283,171.99,163.141,154.713,146.688,139.05,131.786,124.886,118.335,112.119,106.223,100.631,95.331,90.2755,85.5201,81.0136,76.7437,72.698,68.8651,1236.41
"1972",2592.47,3489.34,6609.11,4000.57,2776.64,2503.91,2494.79,2482.14,2595.52,2744.87,2535.44,2020.12,1584.93,1307.87,1146.27,1056.43,1008.09,973.453,924.631,856.24,777.009,696.398,625.868,567.116,518.799,478.2,443.565,413.697,385.753,360.434,337.227,316.09,296.545,274.348,257.74,242.505,228.634,216.013,204.457,193.772,183.79,174.383,165.465,156.983,148.907,141.214,133.89,126.918,120.289,113.991,108.011,102.338,96.9557,91.8522,87.0143,82.4,78.0594,73.9461,70.0486,66.3559,1191.4
"1973",2538.32,2456.19,3301.37,6252.89,3784.15,2623.12,2356.72,2333.04,2303.06,2390.34,2512.85,2311.67,1837.53,1440.25,1188.35,1041.9,960.778,917.376,886.361,842.336,780.373,708.389,635.041,570.833,517.331,473.318,436.327,404.762,377.535,352.056,328.965,307.798,288.515,270.683,250.428,235.272,221.369,208.709,197.191,186.643,176.89,167.779,159.192,151.051,143.309,135.936,128.914,122.228,115.864,109.812,104.062,98.6039,93.4244,88.5113,83.8522,79.4358,75.2233,71.2608,67.5058,63.9478,1148.22
"1974",2548.35,2404.89,2322.53,3121.58,5910.62,3570.59,2462.08,2191.87,2145.78,2095.84,2156.92,2254.34,2066.99,1640.74,1285.81,1061.47,931.394,859.619,821.455,794.257,755.276,700.036,635.667,570.003,512.489,464.543,425.088,391.917,363.604,339.175,316.308,295.58,276.574,259.258,243.242,225.046,211.431,198.941,187.566,177.217,167.739,158.976,150.788,143.071,135.756,128.798,122.172,115.861,109.852,104.133,98.6938,93.5265,88.6208,83.9656,79.55,75.3627,71.3934,67.6075,64.0462,60.6713,1089.44
"1975",3188.86,2414.39,2274.56,2196.59,2951.54,5579.84,3355.22,2295.04,2023.25,1962.34,1902.47,1947.96,2030.03,1859.03,1475.46,1156.81,955.644,839.174,775.06,741.121,716.973,682.058,632.351,574.343,515.117,463.218,419.939,384.317,354.361,328.786,306.716,286.052,267.318,250.138,234.484,220.004,203.551,191.239,179.944,169.658,160.298,151.726,143.8,136.394,129.415,122.798,116.505,110.511,104.803,99.3677,94.1943,89.2745,84.6005,80.1629,75.9521,71.958,68.1703,64.5799,61.1553,57.9338,1040.35
"1976",2541.72,3021.23,2285.46,2153.06,2078.94,2791.16,5264.24,3152.61,2145.82,1882.81,1819.23,1759.12,1798.44,1872.92,1714.93,1361.32,1067.64,882.277,774.998,715.992,684.809,662.616,630.426,584.544,530.969,476.251,428.294,388.298,355.375,327.686,304.045,283.643,264.538,247.217,231.332,216.858,203.468,188.252,176.867,166.421,156.909,148.253,140.325,132.995,126.146,119.692,113.572,107.752,102.209,96.9291,91.9023,87.1176,82.5673,78.2445,74.1404,70.246,66.5519,63.0488,59.7281,56.5608,1015.77
"1977",3353.44,2408.1,2859.21,2162.84,2037.18,1965.01,2630.28,4934.98,2936.71,1986.82,1734.88,1670.73,1612.43,1647.1,1715.11,1570.84,1247.48,978.813,809.232,711.115,657.197,628.731,608.46,578.987,536.915,487.755,437.528,393.498,356.773,326.538,301.108,279.394,260.652,243.102,227.188,212.593,199.294,186.99,173.008,162.546,152.947,144.205,136.25,128.965,122.229,115.935,110.003,104.379,99.0294,93.9352,89.0832,84.4633,80.0659,75.884,71.9111,68.1392,64.5601,61.165,57.9455,54.8936,985.537
"1978",2456.06,3177.16,2279.39,2706.33,2046.91,1926.33,1853.43,2470.12,4609.96,2729.47,1839.17,1601.52,1539.86,1485.13,1516.95,1579.96,1447.61,1150.08,902.741,746.595,656.266,606.637,580.449,561.808,534.652,495.846,450.48,404.116,363.467,329.558,301.64,278.157,258.104,240.795,224.585,209.886,196.405,184.12,172.754,159.838,150.173,141.305,133.229,125.88,119.149,112.926,107.111,101.631,96.4347,91.4926,86.7862,82.3035,78.0352,73.9725,70.1089,66.4384,62.9536,59.6468,56.5101,53.5356,961.251
"1979",2815.21,2326.95,3005.74,2156.34,2559.66,1933.36,1812.32,1731.84,2288.93,4238.04,2493.42,1672.83,1453.05,1395.62,1345.84,1375.18,1433.15,1313.92,1044.5,820.301,678.725,596.807,551.804,528.089,511.215,486.572,451.308,410.056,367.882,330.899,300.044,274.638,253.266,235.015,219.26,204.504,191.122,178.849,167.663,157.315,145.554,136.754,128.679,121.325,114.633,108.504,102.837,97.5418,92.5509,87.8194,83.3189,79.033,74.9508,71.0639,67.3642,63.8458,60.5032,57.3297,54.3183,51.4619,924.132
"1980",2773.52,2667.22,2202.19,2844.52,2040.33,2419.47,1822.04,1699.15,1613.5,2119.76,3906.06,2290.56,1533.83,1331.24,1278.49,1233.23,1260.67,1314.43,1205.63,958.794,753.251,623.404,548.261,506.995,485.266,469.81,447.202,414.821,376.926,338.176,304.191,275.836,252.487,232.844,216.068,201.586,188.022,175.721,164.438,154.155,144.641,133.828,125.737,118.313,111.552,105.399,99.7642,94.5536,89.6851,85.0963,80.7459,76.608,72.6674,68.914,65.3402,61.9385,58.7035,55.6301,52.7122,49.9434,897.018
"1981",2925.09,2627.72,2523.8,2083.71,2690.93,1927.89,2278.34,1705.63,1579.17,1489.32,1945.91,3572.17,2090.18,1398.32,1213.45,1165.71,1124.97,1150.6,1200.27,1101.4,876.236,688.583,569.994,501.371,463.699,443.877,429.779,409.13,379.531,344.878,309.436,278.35,252.411,231.051,213.08,197.731,184.481,172.069,160.813,150.489,141.079,132.373,122.477,115.073,108.279,102.091,96.4607,91.3037,86.5351,82.0796,77.88,73.8986,70.1116,66.5052,63.0701,59.7994,56.6861,53.7255,50.9127,48.2423,866.66
"1982",4445.12,2771.32,2487,2388.59,1971.76,2543.91,1817.46,2137.42,1590.69,1464.48,1374.94,1790.92,3281.82,1918.84,1283.57,1114.15,1070.76,1033.8,1057.8,1103.87,1013.27,806.316,633.743,524.673,461.56,426.921,408.705,395.751,376.757,349.516,317.616,284.985,256.362,232.477,212.807,196.257,182.123,169.92,158.489,148.123,138.613,129.947,121.928,112.814,105.994,99.7361,94.0368,88.8504,84.1004,79.7081,75.6041,71.7359,68.0686,64.5804,61.2585,58.0945,55.0818,52.2141,49.4871,46.8962,842.726
"1983",5209.93,4211.45,2623.54,2354.33,2260.88,1864.94,2400.92,1708.9,2000.64,1482.46,1360.11,1273.92,1657.04,3034.68,1774.17,1187.01,1030.65,990.834,956.937,979.427,1022.33,938.589,746.979,587.166,486.155,427.707,395.632,378.77,366.78,349.189,323.95,294.39,264.15,237.623,215.486,197.256,181.918,168.817,157.507,146.912,137.303,128.489,120.455,113.022,104.574,98.2526,92.4519,87.169,82.3615,77.9584,73.8869,70.0827,66.497,63.0975,59.8641,56.7848,53.8518,51.0592,48.401,45.873,824.654
"1984",3608.09,4936.06,3985.03,2482.42,2227.26,2136.37,1756.27,2247.7,1588.4,1846.88,1361.07,1244.08,1162.73,1511.04,2766.99,1618.19,1083.2,941.026,905.142,874.578,895.487,934.985,858.572,683.415,537.279,444.903,391.454,362.128,346.717,335.761,319.672,296.578,269.524,241.844,217.562,197.298,180.609,166.567,154.573,144.218,134.518,125.72,117.65,110.295,103.489,95.7538,89.9656,84.6543,79.8171,75.4151,71.3835,67.6554,64.172,60.8888,57.7761,54.8154,51.9958,49.3102,46.753,44.319,797.111
"1985",3598.15,3418.42,4670.41,3770.46,2348.29,2104.36,2011.33,1643.28,2087.35,1464.55,1693.18,1242.93,1133.54,1058.42,1375.34,2519.35,1474.16,987.36,858.237,825.911,798.356,817.693,853.945,784.298,624.389,490.938,406.573,357.759,330.981,316.915,306.915,292.221,271.118,246.394,221.094,198.899,180.376,165.12,152.284,141.32,131.854,122.986,114.943,107.565,100.841,94.6185,87.5463,82.2544,77.3985,72.976,68.9513,65.2653,61.8568,58.672,55.6702,52.8243,50.1173,47.5394,45.084,42.746,769.314
"1986",2932.93,3409,3235.02,4419.74,3567.46,2219.52,1982.86,1885.11,1530.18,1931.68,1348.65,1553.91,1138.47,1037.42,968.571,1258.95,2307.2,1350.69,905.084,787.048,757.674,732.587,750.469,783.863,720.025,573.283,450.795,373.356,328.551,303.975,291.068,281.894,268.405,249.028,226.322,203.087,182.702,165.689,151.677,139.887,129.816,121.121,112.975,105.587,98.81,92.633,86.9176,80.4211,75.56,71.0993,67.0368,63.3397,59.9537,56.8226,53.8971,51.1396,48.5253,46.0386,43.6705,41.4149,745.973
"1987",3536.26,2778.75,3226.16,3061.44,4181.85,3371.93,2091.52,1858.71,1755.79,1416.55,1779.54,1238.28,1424,1042.43,949.8,887.01,1153.44,2114.86,1238.65,830.345,722.306,695.525,672.617,689.139,719.895,661.337,526.602,414.118,343,301.853,279.285,267.435,259.013,246.624,228.824,207.964,186.615,167.885,152.253,139.378,128.545,119.291,111.301,103.817,97.028,90.8002,85.1241,79.8721,73.9023,69.4353,65.3362,61.603,58.2057,55.0941,52.2169,49.5284,46.9945,44.5921,42.307,40.1308,723.567
"1988",4744.51,3350.36,2630.26,3053.7,2897.38,3954.4,3180.66,1964.42,1736.64,1632.34,1311.72,1643.36,1141.74,1312.1,960.444,875.304,817.742,1063.79,1951.23,1143.2,766.577,666.977,642.343,621.264,636.593,665.062,611.009,486.557,382.645,316.945,278.933,258.086,247.142,239.363,227.917,211.47,192.194,172.466,155.157,140.711,128.813,118.801,110.249,102.865,95.9478,89.6739,83.9183,78.6724,73.8186,68.3013,64.1729,60.3845,56.9343,53.7944,50.9187,48.2595,45.7748,43.4329,41.2126,39.1007,705.82
"1989",5320.81,4495.11,3170.6,2489.07,2889.28,2738.47,3725.98,2980.86,1829.01,1606.89,1502.88,1203.58,1504.94,1044.7,1200.47,878.994,801.447,749.118,974.984,1789.09,1048.58,703.319,612.053,589.541,570.271,584.405,610.597,561.013,446.772,351.375,291.057,256.158,237.02,226.974,219.835,209.326,194.223,176.521,158.403,142.506,129.239,118.311,109.116,101.262,94.48,88.1268,82.3644,77.0781,72.26,67.8018,62.7343,58.9424,55.4628,52.2938,49.4099,46.7686,44.3261,42.044,39.8929,37.8536,684.207
"1990",7101.58,5041.1,4253.6,3000.17,2354.84,2730.39,2579.37,3489.45,2772.24,1689.74,1476.69,1376.1,1099.76,1373.92,953.65,1096.19,803.038,732.584,685.099,892.064,1637.56,960.044,644.063,560.58,540.038,522.447,535.449,559.492,514.092,409.428,322.02,266.75,234.774,217.239,208.035,201.495,191.866,178.025,161.8,145.194,130.624,118.464,108.448,100.019,92.8198,86.6038,80.7803,75.4985,70.6529,66.2365,62.15,57.5049,54.0291,50.8396,47.9348,45.2913,42.8701,40.6313,38.5394,36.5676,661.874
"1991",3211.54,6728.26,4771.8,4026.26,2839.37,2226.73,2575.62,2423.04,3261.43,2578.59,1565.62,1364.54,1269.57,1013.89,1266.44,879.178,1010.88,740.782,676.002,632.362,823.596,1512.14,886.622,594.868,517.807,498.868,482.647,494.683,516.917,474.988,378.295,297.541,246.477,216.934,200.734,192.232,186.19,177.294,164.505,149.513,134.169,120.705,109.468,100.213,92.4251,85.7723,80.0283,74.6471,69.7663,65.2887,61.2076,57.4314,53.139,49.9271,46.9798,44.2955,41.8527,39.6154,37.5465,35.6134,645.415
"1992",1737.39,3042.72,6366.97,4515.44,3809.21,2683.32,2097.62,2412.82,2254.6,3015.21,2371.66,1434.88,1248.02,1160.12,926.341,1157.39,803.829,924.692,677.936,618.907,579.158,754.496,1385.52,812.507,545.211,474.633,457.314,442.477,453.539,473.947,435.522,346.875,272.835,226.017,198.93,184.077,176.283,170.744,162.587,150.86,137.112,123.041,110.695,100.39,91.9028,84.7608,78.6598,73.3922,68.4573,63.9813,59.875,56.1323,52.6693,48.7328,45.7873,43.0844,40.6227,38.3824,36.3306,34.4333,624.56
"1993",1743.19,1646.06,2879.44,6024.97,4271.67,3599.36,2527.73,1965.84,2247.2,2087.29,2777.8,2177.23,1314.32,1141.79,1060.84,846.982,1058.34,735.166,845.873,620.266,566.353,530.038,690.552,1268.17,743.727,499.079,434.489,418.647,405.075,415.21,433.901,398.728,317.574,249.791,206.928,182.13,168.533,161.397,156.327,148.859,138.122,125.536,112.653,101.349,91.9146,84.1437,77.6047,72.0189,67.1961,62.6778,58.5797,54.8201,51.3934,48.2227,44.6186,41.9217,39.447,37.1932,35.142,33.2635,603.359
"1994",4936.87,1651.55,1557.74,2724.87,5700.56,4037.4,3391.45,2368.94,1830.31,2079.26,1921.71,2548.74,1993.8,1202.6,1044.64,970.869,775.511,969.521,673.794,775.588,568.934,519.622,486.395,633.793,1164.09,682.765,458.213,398.942,384.421,371.977,381.3,398.479,366.187,291.664,229.415,190.052,167.279,154.791,148.239,143.583,136.725,126.864,115.304,103.471,93.0892,84.4237,77.2863,71.2803,66.1498,61.72,57.57,53.8059,50.3527,47.2053,44.293,40.9826,38.5055,36.2325,34.1623,32.2783,584.744
"1995",4521.46,4677.35,1563.29,1474.46,2578.76,5390.19,3808.15,3185.28,2213.44,1701.73,1925.53,1774.73,2349.98,1836.96,1107.81,962.449,894.745,714.942,894.087,621.547,715.625,525.043,479.594,448.974,585.084,1074.71,630.377,423.076,368.366,354.97,343.489,352.107,367.977,338.163,269.346,211.863,175.513,154.483,142.952,136.901,132.602,126.268,117.162,106.486,95.5589,85.9706,77.9679,71.3763,65.8297,61.0915,57.0005,53.1679,49.6916,46.5025,43.5957,40.9062,37.8489,35.5612,33.462,31.5501,569.843
"1996",1941.96,4283.78,4428.21,1480,1395.72,2439.37,5088.77,3582.95,2984.5,2065.72,1583.13,1787.41,1645.32,2177.37,1701.84,1026.48,892.014,829.499,662.988,829.315,576.64,664.022,487.234,445.098,416.712,543.076,997.598,585.172,392.751,341.972,329.544,318.892,326.898,341.636,313.96,250.071,196.703,162.955,143.43,132.725,127.107,123.116,117.236,108.781,98.8691,88.7235,79.8212,72.391,66.2709,61.121,56.7218,52.9235,49.365,46.1374,43.1763,40.4775,37.9803,35.1417,33.0177,31.0686,558.378
"1997",1908.07,1839.88,4055.87,4192.55,1401.09,1320.49,2303.72,4790.73,3360.23,2788.82,1924.68,1472.11,1660.16,1527.44,2021.26,1580.09,953.296,828.66,770.797,616.22,770.976,536.158,617.473,453.119,413.965,387.59,505.149,927.969,544.349,365.363,318.133,306.577,296.673,304.125,317.84,292.094,232.656,183.006,151.609,133.444,123.484,118.258,114.545,109.074,101.208,91.9866,82.5473,74.2648,67.3518,61.6578,56.8664,52.7735,49.2395,45.9287,42.9258,40.1709,37.66,35.3366,32.6956,30.7194,548.417
"1998",1461.92,1807.77,1742.24,3840.58,3969.69,1325.96,1247.9,2171.7,4502.59,3149.08,2607.59,1796.78,1373.04,1547.84,1424.03,1884.67,1473.62,889.265,773.168,719.318,575.16,719.691,500.536,576.489,423.07,386.532,361.919,471.708,866.563,508.34,341.2,297.098,286.311,277.064,284.026,296.837,272.794,217.284,170.915,141.593,124.628,115.327,110.446,106.978,101.869,94.5231,85.9105,77.0948,69.3594,62.9031,57.5852,53.1103,49.2877,45.9872,42.8951,40.0905,37.5176,35.1725,33.0026,30.536,540.884
"1999",9728.93,1385.07,1711.85,1649.78,3636.46,3756.89,1253.14,1176.54,2041.53,4220.91,2945.49,2435.26,1676.54,1280.65,1443.6,1328.28,1758.28,1375.09,829.97,721.742,671.577,537.047,672.053,467.435,538.395,395.132,361.021,338.043,440.601,809.434,474.836,318.717,277.524,267.45,258.814,265.319,277.288,254.83,202.976,159.661,132.27,116.423,107.734,103.175,99.9351,95.1626,88.3,80.2546,72.0193,64.7931,58.7619,53.7941,49.6139,46.0429,42.9597,40.0712,37.4512,35.0477,32.857,30.8299,533.802
"2000",15090.5,9217.5,1311.74,1621.21,1562.32,3442.41,3552.62,1182.82,1108.02,1918.52,3959.8,2760.02,2280.35,1569.43,1198.78,1351.43,1243.65,1646.52,1287.88,777.442,676.144,629.202,503.19,629.718,438.008,504.519,370.281,338.324,316.797,412.916,758.584,445.011,298.701,260.097,250.657,242.565,248.662,259.881,238.833,190.235,149.639,123.967,109.115,100.971,96.6988,93.6626,89.1897,82.7579,75.2174,67.499,60.7264,55.0738,50.4178,46.4999,43.1531,40.2634,37.5562,35.1007,32.848,30.7948,529.194
"2001",4412.37,14297.2,8732,1242.64,1535.78,1479.84,3259.72,3362.39,1118.79,1047.42,1812.75,3740.25,2606.5,2153.32,1481.97,1132,1276.19,1174.46,1554.98,1216.32,734.266,638.607,594.28,475.269,594.781,413.712,476.537,349.746,319.562,299.231,390.022,716.526,420.339,282.141,245.678,236.761,229.118,234.878,245.474,225.593,179.69,141.344,117.095,103.066,95.3744,91.3387,88.4707,84.2458,78.1705,71.048,63.7574,57.3603,52.0209,47.6231,43.9224,40.7611,38.0316,35.4744,33.155,31.0272,528.948
"2002",2552.8,4180.42,13543,8271.29,1177.04,1454.43,1400.71,3082.6,3176.16,1055.71,987.523,1708.07,3523.04,2454.73,2027.87,1395.68,1066.15,1202.04,1106.3,1464.82,1145.86,691.757,601.652,559.903,447.784,560.395,389.798,448.997,329.537,301.099,281.944,367.492,675.138,396.061,265.845,231.489,223.088,215.886,221.314,231.299,212.566,169.313,133.182,110.334,97.1147,89.8669,86.0643,83.3619,79.381,73.6565,66.9454,60.0758,54.0481,49.017,44.8731,41.3861,38.4073,35.8354,33.4259,31.2405,527.64
"2003",1274.31,2418.61,3960.18,12829.4,7835.36,1114.88,1377.17,1325.55,2915.17,3001.67,997.187,932.444,1612.46,3325.54,2317.09,1914.22,1317.52,1006.5,1134.84,1044.5,1383.04,1081.92,653.165,568.096,528.683,422.821,529.158,368.074,423.975,311.174,284.323,266.236,347.018,637.526,373.997,251.036,218.594,210.661,203.861,208.986,218.415,200.726,159.882,125.763,104.188,91.7054,84.8613,81.2705,78.7187,74.9595,69.5539,63.2165,56.7296,51.0376,46.2868,42.3737,39.0809,36.2681,33.8394,31.5641,527.751
"2004",3426.4,1207.32,2291.23,3751.6,12153.5,7421.84,1055.75,1303.49,1253.9,2756.06,2836.56,942.046,880.724,1522.9,3140.79,2188.41,1807.98,1244.45,950.714,1071.98,986.67,1306.5,1022.06,617.036,536.678,499.449,399.443,499.905,347.727,400.541,293.975,268.609,251.522,327.841,602.295,353.33,237.164,206.515,199.02,192.596,197.438,206.346,189.634,151.047,118.814,98.4309,86.6381,80.1722,76.7798,74.369,70.8176,65.7107,59.7235,53.595,48.2175,43.7292,40.0323,36.9215,34.2641,31.9696,528.41
"2005",1661.55,3246.28,1143.74,2170.57,3553.98,11512.3,7028.38,999.316,1233.13,1185.58,2604.79,2680.09,889.932,831.943,1438.54,2966.88,2067.32,1708.01,1175.69,898.214,1012.81,932.233,1234.44,965.698,583.016,507.094,471.921,377.43,472.357,328.567,378.471,277.778,253.81,237.665,309.78,569.115,333.865,224.099,195.138,188.057,181.986,186.562,194.979,179.188,142.727,112.269,93.0089,81.8658,75.7561,72.5505,70.2725,66.9167,62.0911,56.4337,50.6428,45.5615,41.3204,37.8272,34.8877,32.3767,529.512
"2006",1907.15,1574.21,3075.48,1083.57,2056.35,3366.8,10904.5,6655.8,946.078,1167.12,1121.88,2464.47,2535.51,841.891,787.029,1360.89,2806.79,1955.81,1615.92,1112.31,849.808,958.242,882.011,1167.94,913.684,551.617,479.785,446.507,357.106,446.922,310.875,358.093,262.822,240.145,224.869,293.101,538.474,315.89,212.034,184.632,177.932,172.189,176.518,184.482,169.541,135.043,106.225,88.0016,77.4583,71.6776,68.6446,66.4892,63.3141,58.7483,53.3955,47.9163,43.1086,39.0959,35.7907,33.0095,531.638
"2007",1821.41,1806.89,1491.38,2913.65,1026.54,1948.03,3189.02,10326.2,6300.98,895.392,1104.35,1061.38,2331.35,2398.45,796.377,744.489,1287.36,2655.19,1850.21,1528.69,1052.29,803.959,906.549,834.436,1104.95,864.409,521.87,453.913,422.431,337.851,422.825,294.114,338.787,248.652,227.198,212.746,277.299,509.444,298.86,200.603,174.679,168.34,162.906,167.002,174.537,160.401,127.763,100.499,83.2574,73.2825,67.8134,64.944,62.9048,59.9008,55.5812,50.5169,45.3332,40.7846,36.9882,33.8612,534.207
"2008",63879.7,1725.66,1711.75,1412.85,2760.19,972.391,1844.82,3018.77,9769.86,5958.55,846.398,1043.64,1002.87,2202.69,2266.06,752.434,703.433,1216.41,2508.95,1748.36,1444.58,994.41,759.75,856.709,788.569,1044.22,816.906,493.194,428.974,399.223,319.29,399.597,277.958,320.177,234.994,214.718,201.06,262.068,481.462,282.445,189.585,165.085,159.094,153.958,157.829,164.95,151.591,120.746,94.9788,78.6846,69.2576,64.0889,61.377,59.4499,56.6108,52.5284,47.7423,42.8433,38.5446,34.9567,536.868
"2009",2330.16,60521.6,1634.83,1621.65,1338.46,2614.68,920.956,1746.67,2857.04,9242.95,5635.48,800.335,986.713,948.11,2082.38,2142.3,711.354,665.042,1150.05,2372.11,1653.03,1365.83,940.21,718.345,810.024,745.601,987.327,772.4,466.325,405.604,377.475,301.897,377.83,262.817,302.737,222.194,203.022,190.109,247.794,455.238,267.061,179.259,156.093,150.428,145.573,149.233,155.966,143.335,114.169,89.8055,74.3989,65.4853,60.5981,58.034,56.2118,53.5274,49.6674,45.142,40.5098,36.4452,540.679
"2010",4061.72,2207.67,57334.3,1548.73,1536.22,1267.83,2476.03,871.705,1652.31,2701.2,8734.96,5324.15,755.99,931.972,895.502,1966.88,2023.57,671.957,628.236,1086.44,2240.98,1561.69,1290.38,888.283,678.679,765.304,704.443,932.832,729.772,440.591,383.222,356.646,285.24,356.984,248.316,286.034,209.935,191.822,179.621,234.123,430.123,252.328,169.369,147.482,142.13,137.542,141,147.362,135.427,107.871,84.8513,70.2946,61.8728,57.2552,54.8325,53.1108,50.5745,46.9274,42.6517,38.275,545.287
"2011",7984.94,3848.2,2091.42,54315.3,1467.15,1455.17,1200.65,2343.84,824.747,1562.54,2553.44,8254.87,5030.7,714.268,880.521,846.074,1858.37,1911.98,634.922,593.627,1026.61,2117.61,1475.73,1219.37,839.406,641.34,723.202,665.692,881.521,689.633,416.359,362.146,337.032,269.553,337.352,234.661,270.305,198.391,181.273,169.743,221.249,406.471,238.453,160.056,139.372,134.314,129.979,133.247,139.259,127.98,101.939,80.1855,66.4292,58.4705,54.1068,51.8173,50.1903,47.7935,44.347,40.3063,551.473
"2012",1127.35,7565.19,3645.8,1981.42,51458.1,1389.93,1378.48,1137.21,2219.64,780.921,1479.32,2417.23,7814.09,4761.95,676.104,833.476,800.874,1759.1,1809.87,601.016,561.93,971.799,2004.56,1396.95,1154.28,794.596,607.104,684.598,630.158,834.467,652.822,394.135,342.816,319.043,255.165,319.346,222.136,255.877,187.802,171.598,160.683,209.44,384.776,225.725,151.513,131.933,127.145,123.041,126.135,131.826,121.149,96.4981,75.9056,62.8836,55.3497,51.2189,49.0516,47.5115,45.2426,41.98,560.193
"2013",17171.5,1068.08,7167.3,3454.04,1877.19,48750,1316.68,1305.65,1076.96,2101.71,739.336,1400.42,2288.19,7396.79,4507.62,639.997,788.971,758.118,1665.21,1713.28,568.945,531.947,919.951,1897.62,1322.43,1092.7,752.21,574.72,648.081,596.546,789.958,618.002,373.113,324.531,302.026,241.556,302.313,210.288,242.23,177.785,162.446,152.113,198.269,364.254,213.686,143.432,124.896,120.364,116.479,119.407,124.795,114.688,91.3514,71.8572,59.5297,52.3976,48.4871,46.4355,44.9775,42.8296,570.057
"2014",2666.74,16268.8,1011.91,6790.34,3272.36,1778.41,46181.2,1247.15,1236.52,1019.78,1989.9,699.946,1325.74,2166.13,7002.16,4267.15,605.859,746.894,717.693,1576.42,1621.94,538.618,503.594,870.92,1796.48,1251.95,1034.47,712.124,544.094,613.545,564.757,747.863,585.07,353.231,307.238,285.932,228.684,286.204,199.083,229.322,168.312,153.79,144.008,187.705,344.844,202.3,135.789,118.241,113.95,110.272,113.045,118.145,108.577,86.4838,68.0283,56.3577,49.6056,45.9035,43.9612,42.5808,580.229
"2015",5047.08,2526.55,15413.2,958.691,6433.2,3100.18,1684.72,43743.5,1181.16,1170.93,965.596,1884.02,662.677,1255.13,2050.74,6629.19,4039.89,573.598,707.128,679.487,1492.51,1535.62,509.952,476.794,824.573,1700.88,1185.33,979.423,674.232,515.143,580.9,534.708,708.071,553.94,334.436,290.891,270.719,216.517,270.976,188.49,217.121,159.357,145.607,136.346,177.718,326.497,191.536,128.565,111.95,107.888,104.405,107.03,111.859,102.8,81.8824,64.4088,53.3591,46.9663,43.4612,41.6222,589.673
"2016",5254,4781.76,2393.68,14602.6,908.269,6094.71,2936.89,1595.82,41430,1118.55,1108.77,914.268,1783.8,627.411,1188.33,1941.6,6276.4,3824.92,543.079,669.508,643.34,1413.12,1453.94,482.828,451.434,780.716,1610.42,1122.29,927.332,638.373,487.745,550.005,506.27,670.414,524.48,316.65,275.421,256.322,205.002,256.565,178.466,205.574,150.882,137.864,129.095,168.266,309.133,181.35,121.727,105.996,102.15,98.8527,101.338,105.91,97.3329,77.5277,60.9835,50.5214,44.4686,41.1499,597.722
